ID,Age,Salary,Experience (Years)
1,33.31203213,72936.50114,11.0530042
2,36.10956096,65107.62139,7.557619599
3,42.86969566,53421.21434,17.96334999
4,26.08866991,65325.47397,10.09672035
5,24.36890963,45689.41297,4.055182902
6,36.38087153,61653.88676,9.750599229
7,32.4159928,61928.30885,4.769394575
8,44.26720998,54393.27592,12.36703708
9,,47470.71442,11.45473682
10,40.55379348,61053.72867,14.78919816
11,33.95518654,59175.28285,6.045591042
12,58.55580259,53012.66882,10.17004048
13,26.62252018,44492.78295,3.174891023
14,41.10809834,60187.15574,13.50747391
15,22.30310013,53050.16453,12.5943559
16,24.26532322,44480.13569,12.47902511
17,28.92654401,60652.94716,10.00809516
18,51.29323337,84124.58208,12.07386445
19,37.6389443,54497.58501,18.02169554
20,29.09521931,82466.64812,8.574528715
21,38.74436326,91714.97572,10.69322592
22,35.35147881,45698.71646,4.569368504
23,30.08026631,60135.66312,5.658695192
24,21.03371144,91555.97877,10.48906647
25,49.38542485,58183.80058,15.51966773
26,37.09818129,60552.18219,8.718595879
27,56.73738373,34949.91788,8.820417353
28,44.40321621,52025.0715,7.965573777
29,40.51319725,68333.83027,7.326216646
30,30.64795671,96439.23964,11.47485728
31,24.04654436,57059.8975,2.513711774
32,32.82269016,35060.60517,16.40469788
33,,38921.26214,6.672888509
34,,59463.15471,
35,51.32652498,77658.10197,3.650007013
36,32.39087734,69560.30524,13.34420065
37,44.44490972,66903.83795,13.35972304
38,28.1077093,79637.1658,11.92101036
39,31.97533162,49196.56369,5.027857391
40,26.85036015,60286.4208,11.24774095
41,13.66866965,52194.2682,4.084719076
42,34.6346665,55928.16397,8.736183725
43,36.28451738,44905.95969,15.1470655
44,45.65860999,54840.35893,13.98350964
45,42.95438253,59584.26651,10.07591471
46,43.08952899,54427.9275,5.12596712
47,25.25963777,57584.07745,13.22793856
48,39.59497306,66075.60815,10.09690619
49,50.82593965,78580.43654,0
50,38.79867851,79667.33802,13.91314913
51,53.28593613,71421.32651,9.878835831
52,55.18966111,41100.27782,16.01225624
53,32.3153173,54593.85022,4.523647406
54,28.03060255,55885.72454,0
55,27.38537835,50142.75254,11.39541929
56,19.8386418,65135.26769,11.45781838
57,29.81597101,36085.0726,1.546641862
58,47.0766545,85403.49704,5.107502271
59,12.95962425,77928.31007,23.77608872
60,24.62546599,67173.03393,8.471946929
61,33.72868558,59068.36005,13.65479488
62,26.22814799,78432.58943,6.746700863
63,29.72714056,70341.07405,0
64,29.87670326,76599.56676,9.148708766
65,32.4245978,59114.21877,8.671977199
66,27.70545304,86839.69629,8.000608807
67,26.88786786,77503.31814,9.426795822
68,44.34309746,67643.04443,11.32134136
69,45.49654178,78839.59381,9.249415244
70,21.19456655,53712.57087,3.67996916
71,7.404026007,42487.49461,12.43092396
72,45.6337485,64823.2577,0.253141223
73,22.71199581,59143.64331,0
74,37.12744838,57034.23987,13.69590247
75,19.34328127,78244.68059,12.53510136
76,47.97754985,62507.0882,9.713023175
77,60.43667895,63953.5361,3.022757476
78,36.82806909,55094.21162,6.460445297
79,34.05897352,73216.84709,8.686266262
80,31.77860425,70528.13672,2.020530157
81,42.81799311,73104.89515,6.30485671
82,40.67686751,52541.0405,13.26165169
83,45.03498454,79561.3269,17.13652682
84,28.72083477,87581.52636,7.902826237
85,38.40117706,72630.57596,13.78244177
86,29.57531933,47860.67569,0.429699647
87,24.42284352,47966.96574,13.29725621
88,34.58984579,54369.34567,5.980257926
89,25.7748727,51534.34179,11.53672808
90,46.73726998,58933.61061,8.761237909
91,26.38079622,69486.637,16.60207005
92,38.63545941,64349.28661,5.627821758
93,28.96577701,63034.33585,13.13803149
94,37.7706275,56381.95875,8.602462684
95,,58892.31109,9.20847261
96,22.42788725,71948.63261,9.080730534
97,39.83772741,29820.62959,5.771634478
98,32.64584378,59829.14387,9.92950517
99,37.85984941,64319.81392,9.686758889
100,30.71157064,71753.74603,11.20620124
101,21.72063486,44849.31091,10.42252573
102,45.83178597,44056.35476,13.98997275
103,42.36757755,68759.32492,14.61754308
104,29.33039024,31433.2164,4.746883391
105,35.69779213,79982.83666,14.3438625
106,45.42019483,63398.87987,4.068317864
107,30.42961664,83380.81819,12.93927944
108,31.98115495,43693.91435,13.09869392
109,37.436325,53454.60797,0.443415542
110,30.40908936,23881.9751,10.46489623
111,43.57091997,48064.65356,7.657519433
112,33.3109922,57242.29679,6.20617371
113,27.15964125,30559.3863,16.75426165
114,41.0863883,54080.59782,6.731604297
115,23.57869351,30189.89735,5.968115354
116,55.14878561,56138.09723,10.3784747
117,50.82496364,77206.67891,13.42794873
118,40.13495477,59475.30375,9.29175707
119,39.29331022,84873.11059,15.83185273
120,38.82441418,71794.38845,12.65487831
121,30.10905214,,0
122,37.97309646,48525.82139,7.352665182
123,25.7686739,48162.87557,7.190789503
124,40.03818418,65184.20125,12.39680477
125,43.67846943,36334.46863,0
126,31.21913899,67067.15625,22.74504854
127,29.04898206,55141.20275,12.65513047
128,22.87522975,79949.95256,10.74438402
129,49.57955234,70192.68381,15.90783858
130,29.84335966,76450.59646,21.71827026
131,33.01260964,48686.90878,14.35373322
132,38.00155585,75723.15403,14.74406548
133,37.82207643,81670.68742,10.65345012
134,42.46560096,59419.29265,9.292371233
135,31.2067008,48909.74071,7.62102278
136,23.61332062,49173.19198,5.869440041
137,21.86334691,78585.19488,6.564929502
138,29.20744767,100265.1861,3.247220178
139,25.48149525,45275.32395,9.620642747
140,31.96383295,44122.19925,
141,48.07578811,73821.21271,10.95458262
142,31.22721794,48691.29706,9.81834696
143,31.22349139,75275.33076,10.73467649
144,34.83601224,66980.1926,7.38934215
145,30.94375009,59640.34046,25.38430185
146,34.32608764,66619.07302,16.8005795
147,40.40869222,65702.97554,3.7772875
148,43.84751055,57305.90253,11.16434044
149,45.032132,33654.58453,
150,55.56852221,62679.76093,
151,40.69359446,83595.90549,3.299639644
152,57.34478901,35868.47005,12.16108345
153,27.23518192,45513.2247,
154,55.91284902,66402.40462,14.83913012
155,31.19623946,60578.87794,14.96891107
156,32.17981069,66167.73239,
157,33.80127453,49510.22688,5.73806617
158,32.81379289,77436.8743,12.37682805
159,35.85840397,60703.50849,13.16227108
160,29.19971998,70454.78284,7.629109124
161,43.29962173,64804.16116,6.141140213
162,29.47164965,62632.42452,18.04760333
163,41.55610398,69402.50486,11.13747938
164,50.2772362,62797.31931,13.17983875
165,31.4289763,42147.01458,5.889619941
166,42.94383418,76310.35239,3.903577667
167,40.59159289,72271.90929,7.152751128
168,57.52886882,28397.24413,
169,29.95169435,50186.99573,4.678899966
170,42.95071617,75635.40694,9.950775957
171,18.73988908,32596.0718,1.55747406
172,30.04141589,74153.50323,4.399762888
173,38.53392838,57881.66197,13.35455624
174,48.93159969,80104.23856,13.0189526
175,22.74066635,,8.040616173
176,42.86090641,49168.98011,4.911178455
177,34.36776544,64621.28491,4.862982242
178,19.78472347,59544.21766,8.13365877
179,36.81586846,47837.23299,13.22259246
180,52.09161233,93275.15225,14.64122846
181,23.7957734,45433.52728,7.517341323
182,33.90062285,26355.66937,4.23253787
183,25.13361015,,11.33921819
184,30.31417068,51246.54792,5.882325147
185,49.32170144,55548.40109,7.408736806
186,32.28475525,54631.40903,16.62638045
187,49.01565738,51455.22849,14.13557714
188,46.09054048,48507.11293,10.78987156
189,31.37262087,45047.74046,3.640404994
190,29.97400539,60971.39643,11.05698284
191,26.04001193,53970.18663,15.31328645
192,25.69118806,,8.121831671
193,38.53207395,67240.41077,16.75557045
194,34.80214685,46087.3171,16.46372645
195,28.76394565,61627.81914,18.31866416
196,19.51237078,53732.42514,11.52621563
197,36.06178768,45125.09336,12.9369585
198,30.30447821,70341.47356,17.07093644
199,33.04702304,58180.12081,12.23696969
200,38.04661829,53886.7497,7.493829461
201,9.981971386,47166.49145,7.757285817
202,19.66725396,,11.19277477
203,57.96443077,89831.52036,3.54719289
204,29.93389493,65011.77974,9.283705423
205,9.825668976,43633.06444,15.48273559
206,20.5005982,64317.98847,0
207,59.84467369,75930.24265,17.67241051
208,27.9700254,62512.76419,15.61187109
209,46.59015245,80610.32013,7.701176921
210,36.21117998,36857.80287,12.71695414
211,30.15032963,30130.16929,10.01573863
212,42.75445471,63907.76133,
213,11.15643325,64147.44215,14.91341571
214,20.5886738,9907.497326,2.999646384
215,30.07648988,50646.35863,12.93631207
216,21.57095602,44870.06528,8.971860732
217,29.19222211,39120.80639,10.41416285
218,43.53713046,44834.37353,6.359140495
219,,68936.81702,18.74068535
220,48.30617036,44738.92468,15.2003091
221,36.95375284,45253.16798,6.30114418
222,44.92460831,35717.92037,3.326946965
223,34.359297,79033.64464,8.071636845
224,29.09724517,66519.48548,12.17251323
225,49.80568056,22614.65696,11.20102922
226,27.90649712,45266.39881,16.26566412
227,38.43844823,67927.76827,13.94959861
228,42.68897363,79220.88823,14.84784513
229,43.41492704,72612.58139,11.634277
230,23.3455733,54664.75635,3.053506349
231,45.51950406,31029.34709,9.021507344
232,25.21044754,73053.73491,15.3004487
233,43.10703655,55546.54723,9.742385357
234,40.35173471,61032.93022,12.51545184
235,43.18630662,57338.69343,8.406258424
236,22.94996479,39667.05751,4.850940757
237,40.87929743,65463.75318,9.38327968
238,45.85593676,63396.88547,11.54523722
239,36.93395783,53613.16736,6.721561403
240,26.8138332,67066.587,8.821443776
241,44.19747614,39390.00679,5.30268379
242,36.13919628,55964.95836,15.59622459
243,18.25555736,60391.91209,8.527721212
244,26.03810538,33976.08552,17.26377773
245,29.73705469,,17.64373925
246,50.05818288,71004.6772,9.594770176
247,48.30183086,55451.53614,4.957756337
248,48.26968531,59488.27646,0
249,37.32360278,68435.16059,2.639814635
250,44.13594792,54182.99837,3.130825876
251,23.59220591,55533.03901,16.89234814
252,35.06803098,42349.44728,10.57912294
253,39.51632702,59775.94834,11.94802262
254,24.25100943,54977.27275,0
255,37.0991209,67486.34693,4.010167854
256,51.86639186,68451.89931,14.43539888
257,40.58769785,71868.13559,11.43387056
258,44.17545207,52376.09474,9.263973607
259,10.47593077,27351.28372,12.82421179
260,50.57968849,71124.5962,18.17898903
261,33.13877652,66466.81446,8.894787682
262,27.31313686,50470.62593,10.34684901
263,33.25362148,68324.10299,10.96298459
264,20.14977842,38271.15296,21.96054818
265,45.47942062,75453.60319,0
266,31.64604277,54995.63172,13.41611507
267,89.65620187,47566.0858,9.425988756
268,33.31944934,50674.47666,12.83385863
269,46.18015655,56527.72521,6.71313723
270,36.31458401,59819.8189,9.755174846
271,20.9030623,60724.20421,13.5570529
272,39.6498083,53555.88834,25.56455101
273,25.71020046,63003.5936,14.04018095
274,13.43898969,60124.18912,5.75967201
275,49.96007213,50286.40507,7.88120159
276,39.57229875,48027.14063,7.732929458
277,34.21729336,69125.48314,1.021784137
278,31.54390485,67864.89054,8.349549041
279,48.97079501,60857.04533,13.66414541
280,65.8715515,73862.93199,3.628839405
281,39.48780519,30580.08516,15.24241326
282,24.70365318,51534.08038,12.43887411
283,33.45534481,42655.24331,
284,39.30572672,93844.08398,9.292351813
285,11.50471693,70698.29731,17.99160904
286,38.34499202,58814.07025,13.66773907
287,39.36425129,71774.85868,10.04391827
288,48.26342198,76744.13496,8.811583415
289,47.22123302,76584.47537,10.38304535
290,36.1117216,,7.44118221
291,50.14636907,56061.89515,0
292,55.35678319,52479.51871,20.21088955
293,35.27951455,45567.1623,10.776625
294,39.18187078,67536.709,11.99073633
295,17.32702647,57615.96397,9.710461251
296,20.49026738,53722.93454,6.324415996
297,26.61803686,52940.07957,9.070377595
298,,81752.88946,2.003026189
299,24.03876975,74290.20619,21.38543249
300,34.64004588,87455.90784,3.827440008
301,,67935.2445,4.840168581
302,45.70895231,60854.3166,7.798703978
303,30.25226355,59618.96324,16.44037862
304,12.13282052,44695.47679,10.072545
305,36.25751173,41078.71512,3.81932102
306,34.85801976,67610.11533,16.2716918
307,26.37950119,45979.81934,13.65500313
308,35.94999883,63171.86631,12.69217479
309,24.24735412,76732.00025,13.57867121
310,38.29839954,50018.191,21.9718095
311,61.32924437,90157.22452,20.92547448
312,16.94394527,45139.57319,6.566423285
313,29.83757913,74852.92135,18.11942496
314,28.23494879,66371.34272,11.91584095
315,30.66740117,77911.42875,12.49547908
316,45.1992458,43257.03583,1.538645842
317,40.42826559,94605.31375,9.148071173
318,43.48766503,57318.37374,5.935882048
319,35.30495505,70149.71909,14.14029407
320,21.7790068,81667.31233,15.3554025
321,23.85314639,50930.06899,0
322,42.46259707,72385.89544,9.88982568
323,36.70831898,48427.95532,15.60930752
324,47.60207406,80954.42371,9.066605188
325,37.93262103,48597.28903,13.64531823
326,23.16985007,60577.60474,11.75582734
327,29.78098186,64591.81052,11.70830116
328,40.6481415,71764.49655,8.64342511
329,42.10332496,89527.14463,3.917095979
330,43.55108632,53220.46516,4.392349263
331,24.51475887,77081.02161,13.54676257
332,22.98969834,89553.87673,10.09729128
333,33.1019748,62486.00041,9.307438777
334,49.40073517,51748.00875,7.880549788
335,28.06131679,34049.49391,8.474055773
336,39.54971891,88249.13651,15.23455897
337,39.55061139,56333.33505,8.323779591
338,42.6077275,44979.62251,3.294676433
339,51.64440254,39625.04874,48.14782685
340,50.61906425,44951.78714,8.975616681
341,29.05394166,73795.5794,10.15697933
342,14.02104559,75868.02792,18.03789153
343,28.21470665,69781.82807,9.897197213
344,35.75672294,61985.06741,11.44591837
345,31.38354722,41317.19116,4.105382544
346,54.67898943,49050.88581,8.901652738
347,35.18780304,43400.70884,13.04763023
348,41.5371188,68592.31508,2.223131331
349,37.1721431,44050.31282,11.00422547
350,96.77942193,49286.30833,10.50395536
351,15.75188322,57247.69136,10.20643728
352,34.21382361,34952.9977,
353,67.54647293,60701.57146,11.67219257
354,22.555416,58392.70678,17.39035949
355,16.85126956,77763.13719,5.032052422
356,54.36389303,47702.01682,10.67962284
357,,40512.06723,10.42233393
358,36.87419881,54389.10526,4.653727531
359,48.62673862,43528.6306,14.78147501
360,26.68498057,60587.31888,21.62336653
361,33.93405239,32100.97707,9.914969628
362,44.55154117,50919.81895,12.52510544
363,56.10354368,46074.42495,10.42259238
364,23.31455685,68516.35616,6.43207665
365,47.80734459,47841.52936,0.896198611
366,38.81839061,33958.56362,6.471132585
367,36.63061067,56972.69855,3.040208095
368,34.92270778,64798.2921,18.52051039
369,21.15353379,55931.9221,9.42445153
370,44.63088998,50830.15831,8.270403355
371,27.1773098,49926.56849,14.44576912
372,24.20309297,61694.22049,4.391244486
373,43.85458959,46658.26876,6.16567981
374,42.89134025,55072.75543,10.34036135
375,35.79000084,71256.69856,15.14384496
376,45.79543621,40480.15382,12.50842523
377,49.25936581,59344.9947,11.24162571
378,48.08224078,33165.15881,10.39058868
379,,63418.94505,12.00117928
380,45.14104931,45317.86184,11.00826453
381,37.11640978,,4.850138626
382,52.2590777,37845.79036,10.23039611
383,33.76271664,66631.18555,4.631556705
384,31.43528363,78316.96618,10.40541271
385,28.86203123,44539.65898,7.596760293
386,36.89287894,47071.72607,22.69690811
387,39.66725468,45837.06533,9.800528081
388,39.85962283,52712.05967,2.978802169
389,38.4917254,67761.32699,9.329098947
390,41.71037013,51487.42599,12.59679373
391,32.77458164,43185.62662,18.36681973
392,26.27484684,29718.6944,7.052738
393,25.40172003,84029.2126,2.08786013
394,44.75051095,85207.43446,14.08418506
395,39.70322311,68403.55559,3.097006471
396,16.44162229,47844.24458,7.819222792
397,45.96753427,71215.53173,8.711897572
398,53.80435146,74230.60376,9.651832733
399,27.84083149,56186.27803,13.44582229
400,38.36160046,60620.52816,6.581828589
401,30.26541906,78476.52344,8.631353739
402,41.28306925,35393.07964,
403,23.33991111,74976.34235,10.74798979
404,34.28554343,55362.69283,10.48913587
405,44.81314128,43311.32547,12.18002888
406,47.35711739,44545.4029,14.21919755
407,39.26495819,47029.16798,11.96317058
408,31.60954697,41848.9392,12.26792762
409,19.07398916,86570.83462,2.088884166
410,27.42450289,67368.04408,10.2511385
411,30.30726595,75967.2413,12.39753774
412,28.02266217,68435.52437,13.64470597
413,35.59552968,60918.41413,6.538246129
414,31.58112264,61121.32985,6.704803626
415,36.72121372,54037.31042,7.129496624
416,47.02627301,55263.26435,12.6820695
417,30.93537779,38878.44939,15.16940527
418,21.17133023,76227.39227,7.962699464
419,27.98292402,32801.50071,14.53981157
420,40.8358847,44120.84114,10.61739905
421,41.77943785,90180.51196,9.378571114
422,39.06085197,62042.59325,8.943078851
423,48.00737306,62665.65668,13.73305682
424,33.1363693,69560.07822,11.62788908
425,55.52166148,36894.9376,21.37912714
426,43.18187136,39093.0995,5.738876785
427,9.765125298,53326.5848,12.59050851
428,53.0065863,46449.58564,7.353994951
429,27.3301339,58875.66052,5.653565065
430,24.65898811,67283.23943,9.945664315
431,40.2377111,80837.44572,10.6867624
432,17.61819528,72166.3251,24.59086778
433,28.04530769,45085.84932,9.079270922
434,50.57098541,54375.53883,4.349106353
435,40.56217579,50295.82243,11.36505359
436,43.12239781,44751.58681,0
437,28.430894,41337.37331,9.540216087
438,19.61630001,84964.68582,10.08012641
439,42.06817429,60159.63365,13.97300191
440,44.30256156,56636.5469,14.86811125
441,43.84993386,67263.8635,7.482151905
442,37.0906923,68006.19156,9.246929927
443,25.32931757,76782.38481,6.169395847
444,59.37769588,48845.0758,4.359687226
445,39.79787443,66040.83325,11.5494739
446,33.26113358,46332.39035,3.632072257
447,33.30550763,57147.63084,7.926865497
448,36.49597478,60851.13851,5.024130201
449,45.69608262,62317.25994,12.74841593
450,36.89628123,61654.81659,19.0071505
451,43.58513153,72027.46474,3.492060086
452,36.51397688,51045.17414,0.734907586
453,33.87646109,62725.11409,9.375565573
454,41.41250393,48616.42741,10.07848898
455,41.03286034,103811.2885,11.09329653
456,33.30365881,46307.03523,7.768397424
457,27.50793042,49490.21018,8.996803506
458,38.41728915,73239.72116,11.83755205
459,35.78348669,53558.02285,15.20215446
460,,73245.69192,0.224756148
461,26.57599517,62295.33891,8.155302805
462,39.10475844,53952.161,11.06904397
463,40.50095057,48708.66976,5.410119477
464,31.39967885,48167.45158,18.65584816
465,29.20062964,54115.18496,6.822950599
466,26.69744811,57384.05522,9.793536565
467,38.82254939,47521.78135,12.78011048
468,26.96022926,58361.51355,7.043576056
469,57.41134569,43588.27061,0.767134761
470,30.89718564,71338.51825,7.856727365
471,86.46142137,74210.43599,15.14720278
472,34.69828333,49435.12215,8.315524366
473,34.2696652,48597.40417,5.767828493
474,46.11718568,62668.75211,14.62836105
475,37.88126237,78980.4914,8.34612552
476,26.66164817,82299.95496,7.449195932
477,32.13608127,38958.85915,
478,38.27419772,75094.57244,13.85375105
479,13.3528575,59076.69993,21.90856766
480,48.38621734,59367.15449,14.13618054
481,26.68830114,67570.68548,15.79919983
482,49.17043821,52785.63794,7.470169005
483,38.92465141,76450.50948,4.87065947
484,41.29594136,81359.43408,10.31165675
485,46.49423436,81919.26416,10.53584958
486,40.73132053,32341.27818,4.607436293
487,41.72886216,56555.14097,9.12352735
488,33.3558356,30971.54123,11.99658801
489,38.72168681,48520.79907,11.80196698
490,29.12502185,24037.51693,12.52143927
491,31.565889,66753.99952,11.45482365
492,54.64695048,63289.64453,7.464956704
493,26.91806415,53510.9834,7.430496867
494,36.54317127,48132.77834,4.00524301
495,36.13469037,64710.47437,18.9238752
496,31.89245528,44828.66893,10.06725182
497,40.14400937,43808.06828,8.875734721
498,40.89722093,41963.75697,5.356039593
499,25.74180817,56942.38604,24.67828951
500,36.01356712,51265.38646,4.633359839
501,24.17632661,54236.42972,7.855760372
502,42.88548618,67827.1311,12.07918418
503,36.7648731,74449.44907,13.00106483
504,35.82329887,81757.21177,14.78966028
505,41.59031349,60902.05467,19.03804254
506,32.2448971,65213.83654,12.53078828
507,44.14021959,62832.69536,4.719846
508,25.51555127,34887.21452,8.715274374
509,49.11876519,54454.54416,11.53916186
510,29.49088817,54523.52666,20.34113021
511,18.03820932,52337.80761,
512,31.71465092,59385.91007,16.01288253
513,30.58031803,56707.7917,10.89957185
514,31.63926014,45205.09854,14.18915268
515,37.31648015,57734.61069,9.490026417
516,45.97842361,50414.24404,5.787836849
517,33.08294086,20711.3591,13.7543639
518,28.0838243,39043.9662,13.27215514
519,23.73453188,61333.71489,14.86028483
520,30.31817209,76378.36971,9.933476823
521,16.12175161,,7.000889883
522,27.74866906,46944.12549,2.206065025
523,47.44053896,66471.80751,14.09686634
524,26.76640795,,12.11944741
525,41.28715861,53698.29658,5.171086836
526,22.7351791,49758.26462,7.307131634
527,52.71095899,78295.66125,
528,53.37606733,71941.39059,2.58507784
529,40.91021557,72879.27597,5.911588017
530,54.91252602,52979.03996,4.330848216
531,38.55792975,76705.41357,7.937604941
532,42.68517114,30823.96901,6.306512508
533,47.61933877,76968.45137,1.864975396
534,36.79718453,59002.0177,20.11295115
535,19.47622538,61934.01287,16.26270366
536,42.88963355,45821.21013,6.104902892
537,30.28140406,32789.60478,11.36210698
538,31.02470179,61615.56222,12.08732545
539,37.97894916,,15.95542927
540,40.6628088,70540.38577,5.906974867
541,36.50134634,68921.67894,15.46053392
542,,65522.42543,7.260473479
543,,46143.20346,3.320687979
544,34.57296205,71512.14109,13.6206828
545,43.4908545,44465.66479,16.45379212
546,52.72791176,76605.96354,22.93954487
547,56.26435589,58740.27197,4.001373675
548,39.32976683,59239.3617,13.49459843
549,43.40009827,72988.89927,7.950993781
550,54.81579165,75022.02938,13.91679355
551,28.29163963,71559.58018,2.647552244
552,41.29699853,47693.13226,3.686151122
553,42.68342949,71440.04326,6.120625884
554,,47778.15585,10.39482023
555,23.62858619,71818.52103,6.794593667
556,25.60594216,38622.55206,13.29527172
557,35.21382211,58594.79907,15.13447309
558,38.77727662,47686.63291,12.99788771
559,46.22863954,73049.03479,18.0939382
560,40.17543776,76727.50161,12.07913315
561,33.4858677,62984.94771,3.915516448
562,39.16461445,62491.63716,16.81688257
563,38.01044476,70562.65684,6.974218822
564,52.4501643,76816.7232,14.5520925
565,36.65658944,60559.66762,17.86867108
566,31.16916586,52504.87013,12.28344005
567,39.4960903,69709.0123,2.519205934
568,36.98485319,32119.08943,5.408939167
569,19.29006644,73644.77309,16.61372233
570,34.84347938,49347.19576,9.154386572
571,33.99261755,56396.58201,10.39786767
572,29.56128134,73740.76985,13.79412208
573,45.35583288,53767.35725,13.48161431
574,27.14320403,69711.13318,11.39399906
575,39.5561862,77083.63131,8.956658144
576,33.52143,61650.49635,8.436657771
577,36.07695006,64671.72234,14.28949413
578,39.11786291,58208.46189,12.76784766
579,21.92425616,61733.96996,8.713499997
580,36.91660892,43253.9283,15.41056156
581,57.8894749,55593.9287,9.354829424
582,19.43236654,40676.9159,5.741689128
583,34.42392036,46518.49163,6.205146505
584,46.23239325,29955.76469,5.106295818
585,38.01619248,63958.9223,8.637949917
586,41.87966952,85374.03248,16.16862139
587,11.24333989,53158.41397,5.974524095
588,40.98249375,74477.00386,10.94237881
589,27.38311794,76885.39224,6.716553272
590,38.09877285,42012.94148,8.698454794
591,34.70565269,45243.09123,2.44979394
592,57.78333029,74861.97133,8.897308854
593,40.46695324,58614.87956,9.031473101
594,33.87376171,40638.16701,12.70143972
595,19.90307241,50447.1062,11.11640457
596,36.21146902,66294.90367,4.008039375
597,43.23228878,48090.94989,15.42099122
598,34.19448108,18381.94702,11.0515152
599,29.9434364,55169.80234,10.99196759
600,29.27413336,56385.10209,9.954088233
601,40.35141435,60138.39651,7.411212764
602,42.59387939,78883.2506,11.0890117
603,48.61210115,60802.84197,12.37794218
604,25.05000107,63644.06032,1.265521543
605,40.25977558,75833.0546,7.306195813
606,33.78296046,60155.16024,8.725265148
607,34.07765795,92047.81118,11.28085303
608,39.01825854,41044.37559,15.96655503
609,39.07656254,45987.7843,6.141295927
610,40.28768106,69209.37612,7.510190766
611,24.42528808,78814.70299,7.437329447
612,27.50188593,56988.07505,5.992362049
613,49.85868276,44840.68244,8.264067524
614,32.79427533,86414.84378,13.8540111
615,38.06014398,48114.46658,4.730822523
616,45.54666312,,12.13907198
617,39.63443072,79712.27717,1.49048885
618,40.46522631,53375.92165,7.193310018
619,43.94577679,50668.08244,8.352553499
620,13.83336239,51694.68387,18.37429836
621,30.10049845,73523.26885,8.625988476
622,39.68605796,75902.21558,0
623,48.87644307,60505.88088,0.005555466
624,35.6609556,88246.2338,10.17014793
625,26.55283538,60479.49839,13.06885428
626,26.8191395,79384.99821,11.87727929
627,43.83861203,53519.97594,10.83785053
628,88.94427482,95006.34801,15.81129799
629,34.92799954,83551.97123,7.302043896
630,41.15030194,58080.38047,14.47455278
631,5.984763173,81518.10313,1.839925575
632,55.00367512,80759.70737,
633,27.68926165,83295.61614,0.964793025
634,37.41936369,22770.20496,8.625773497
635,17.95302987,70790.27174,9.768693914
636,30.7745889,68134.48154,10.57050746
637,47.44688046,67066.09921,10.30941676
638,15.8383282,63275.1965,5.362233346
639,46.26200087,63717.16919,9.048795778
640,32.26303904,79247.10458,2.512766657
641,39.8716444,68092.10061,16.81614488
642,41.57524413,63253.59666,8.481869636
643,39.41421499,77090.71522,7.555569405
644,26.35049348,66270.39268,17.94470164
645,31.35450853,67703.52641,3.788767332
646,20.38443823,88005.55663,4.37206443
647,39.91796332,53482.78931,4.518898376
648,52.02055154,37264.34492,9.660643092
649,16.75559113,61085.45266,12.15815815
650,27.38354094,63218.15017,13.69837734
651,33.18224724,70822.93544,22.85997659
652,36.73341424,61609.73872,0
653,43.79176301,71326.78866,13.04367795
654,33.4780002,97569.2502,7.214347137
655,31.84041274,72022.71478,7.067924256
656,46.03130706,74659.72952,6.901139359
657,41.61995567,58057.02888,5.456151646
658,86.19458444,39221.14366,18.42262417
659,36.12515712,25528.32619,14.21148664
660,44.83152211,52219.79127,10.11597989
661,28.43690609,21294.42516,
662,27.07305718,67703.23538,2.437355174
663,42.46100987,54257.74523,3.346474343
664,18.74964031,40299.377,0
665,35.9217951,61963.1118,6.502927299
666,31.83441648,48920.5171,10.80849263
667,20.94245269,66761.6438,10.51429289
668,25.6873242,70614.39495,10.74670956
669,33.91023908,49472.48756,2.944715845
670,,56440.78228,14.01577371
671,28.47042009,63223.43631,11.19813759
672,47.133814,38894.3668,13.66527141
673,35.63179228,,0.536189112
674,48.10384702,38534.72028,11.55745429
675,28.95508391,68485.75469,4.0611738
676,34.51190412,53472.54506,8.013383737
677,38.68483603,38451.85899,12.67182449
678,33.20489537,51300.39601,10.45546803
679,44.53024147,51934.88128,5.742300101
680,12.92436275,76027.81325,10.03136578
681,59.22405539,62599.57049,2.342323424
682,43.57774607,45655.83814,15.75133698
683,33.26468171,84735.99431,8.973579903
684,29.47678326,69397.35602,15.59274972
685,26.33579389,54955.16447,7.367341565
686,41.45615474,36692.48721,7.382120058
687,44.94981669,53631.09631,6.179066067
688,33.37473872,56692.30373,14.38086966
689,46.06990413,65535.48497,6.452844213
690,25.92739953,69108.84764,13.22297716
691,24.1618915,72098.73143,8.087738012
692,,35827.98854,0.120183501
693,40.91108614,63127.57232,7.148429661
694,48.96848202,57605.76262,4.104458928
695,26.46060292,100169.6591,10.16951362
696,25.76474608,60970.41659,4.047961322
697,31.41390681,50660.20202,14.6298755
698,26.75941158,61655.53285,9.544620698
699,42.0536521,59871.47568,9.112020026
700,27.48873943,30164.41039,13.27946069
701,23.28330142,66124.56695,14.81953467
702,36.42015412,55341.62864,9.899506241
703,22.10013824,59599.63177,6.143998502
704,17.00536069,46896.47199,1.130151919
705,,43591.28655,6.569751215
706,17.50779957,73183.23501,6.913938767
707,42.75279396,76626.84985,10.53528726
708,21.04666274,66271.47908,8.274265594
709,12.59326214,32838.03599,13.43966486
710,32.0620335,67245.95039,6.935083644
711,36.44594503,33060.95173,9.714794166
712,39.91475064,50082.36548,15.91993722
713,36.72015699,72983.37673,11.70912607
714,24.40687379,69863.97723,9.699812292
715,42.13061181,66854.51047,6.99027779
716,44.60138506,79693.53981,6.833843016
717,22.94237872,68400.22721,5.746933735
718,33.18993861,29714.71162,7.294965671
719,32.25559973,54457.03731,13.77832919
720,37.20381583,59375.87313,8.890558644
721,32.95076208,57618.8741,3.251134653
722,34.32122228,50742.97237,18.84084647
723,41.4181553,44547.658,11.59982596
724,23.861469,96011.17454,2.965282997
725,42.37373135,54168.82762,7.790755364
726,46.41132732,95274.0308,10.55443191
727,51.34134993,42880.64393,18.52296047
728,13.56632676,69855.90103,4.459437709
729,33.17098343,63444.62125,14.8802036
730,15.34899426,46170.75709,16.99743213
731,10.6493631,52986.64335,6.856728475
732,36.44093048,59773.04896,8.612431906
733,31.00848207,47338.25074,4.818453763
734,37.99850952,56157.89109,8.982694295
735,39.8612769,24526.46362,9.817050128
736,47.47895958,70672.73985,13.29824999
737,35.53920425,78407.27511,
738,,66815.45561,6.259519677
739,38.06409855,93963.87192,0.163374679
740,53.42479045,70231.44341,9.893776104
741,11.67162199,77142.14458,11.46768765
742,48.4973953,78575.44249,11.24708844
743,33.1923951,18734.79965,8.366633762
744,15.51652741,66355.09798,10.6237605
745,39.20545109,39255.97575,17.57722404
746,31.97044462,42286.44823,11.90867084
747,40.80053248,44895.40092,8.133157875
748,45.11076458,55309.263,7.499010915
749,20.10849883,69756.89941,9.150738212
750,45.14918982,66509.84738,18.18369981
751,35.06479484,59811.27926,9.083496452
752,48.52841175,70840.25162,9.901028277
753,32.94851771,71752.29482,7.588432145
754,30.29591107,66639.36284,15.49491679
755,35.27054041,34132.42821,19.79918627
756,36.01860706,48910.00816,12.25306525
757,28.37215199,60394.91751,10.41386452
758,30.03695269,71001.79325,10.18391417
759,22.73124465,40071.30513,0
760,30.6535491,59829.82215,13.72575432
761,41.7631006,,10.67083208
762,33.62645826,75388.76979,12.14171025
763,45.09065296,63635.20918,6.44268903
764,33.14570532,39807.95946,8.077715605
765,20.68482002,39709.07193,7.944875317
766,40.97274888,65811.47807,15.10811492
767,28.26376859,80621.98372,8.106200817
768,32.66632711,43548.21244,20.41330161
769,47.37572047,71799.06163,12.1543121
770,23.3912954,51866.43423,3.6215867
771,36.64743787,72347.91154,9.357268534
772,34.5948165,70247.86366,6.741624389
773,42.00925715,62329.49762,0
774,43.55153365,32484.13041,17.9973547
775,37.63839004,70217.78475,13.51571271
776,31.39625353,67530.28906,12.66603659
777,39.73372504,66156.4463,10.8270183
778,48.35655897,62935.11095,3.089912157
779,34.7271006,46818.19668,7.581914302
780,32.32743886,76244.44157,41.11255724
781,38.88170258,73472.09581,4.743899851
782,35.3872702,43868.65835,0
783,21.62290576,79714.42516,8.864469961
784,37.393308,61975.04152,9.29121223
785,21.53237591,61937.0543,10.67781708
786,38.74480646,57354.66995,13.64259322
787,27.02857276,58830.09905,13.18802906
788,35.36874804,80563.48782,11.29384903
789,38.90593906,75496.12477,15.97765694
790,59.53903346,75177.70625,2.405151096
791,42.42749962,62768.46529,12.52290907
792,48.6479881,73337.57585,13.13269182
793,53.71747819,47485.30389,3.80218857
794,39.89255917,68751.64468,2.485646957
795,37.856898,57697.67952,6.270289368
796,24.33278891,29102.92519,6.692292787
797,33.83370068,36208.47512,13.76709732
798,27.7691227,50055.3183,6.927306082
799,30.9894115,66227.30977,5.718257409
800,53.70663376,50068.80317,6.941831317
801,36.14621509,51133.24894,15.59316167
802,26.24100422,71448.91383,10.06521687
803,48.74533455,51674.81821,9.103744873
804,44.55275476,79962.10863,9.449972506
805,45.07653493,77476.8561,16.46030167
806,14.93869797,60328.21981,6.254141367
807,54.48670958,71301.92177,16.57754145
808,29.41485258,69258.60682,11.05248149
809,42.77954773,56315.02086,9.19790309
810,60.23799791,72924.51994,22.50450249
811,56.55332748,75133.53083,4.721802551
812,25.22437875,45713.47154,8.231571202
813,20.55482663,62303.22957,3.837843804
814,49.30346599,62137.55734,14.76230985
815,36.42055812,72744.29201,18.44594467
816,29.99118559,53342.12474,18.34961391
817,41.21218547,51033.59501,16.11974377
818,33.37120423,62534.9949,9.011897661
819,42.01324137,77720.38835,8.173795113
820,35.66981808,42009.34327,1.644151138
821,42.22387928,44627.9077,20.17936768
822,26.05467311,52192.42638,12.34489039
823,49.24462013,54861.34392,7.540215476
824,41.97623371,33516.25796,16.64028444
825,41.46297369,82472.9293,5.136177416
826,23.82330073,58045.40113,12.03311017
827,51.99632417,55798.43214,9.136854329
828,34.86283901,84339.56307,13.1933857
829,42.28048862,70766.90243,9.682132304
830,31.77175536,51968.67184,2.745360544
831,37.60889065,62469.11768,10.37788186
832,37.97127352,59373.94301,15.24432071
833,6.80069068,81725.26285,9.853917971
834,40.82448125,57488.63697,13.87557561
835,54.65341462,38369.10687,4.772352572
836,40.39780259,31841.6384,9.868696034
837,,82127.42021,6.877447725
838,41.49961566,48170.77953,13.7349042
839,45.5948053,70053.17483,10.15745781
840,40.12466516,61076.45146,13.45036838
841,34.25872894,53750.17818,15.43855213
842,32.57850774,56102.28874,13.45809288
843,32.53690245,83750.66822,11.36559217
844,41.97776901,38279.04857,5.008938707
845,20.92876005,54203.17154,9.986069447
846,31.28126839,73598.48641,7.33454799
847,50.95609823,40752.82487,8.279680216
848,51.34195267,79759.24212,8.127329246
849,20.21852912,73383.74574,5.100372126
850,23.68586389,64076.93528,0.213307054
851,32.2937942,52452.64644,6.659284758
852,43.92589517,38826.50767,10.96689726
853,16.72525646,70605.68841,3.259114773
854,34.45191365,101229.674,10.07841118
855,30.25820843,62188.38804,19.50134212
856,48.25964674,32609.31884,15.11528278
857,18.23091526,66862.74735,18.21770755
858,35.92540615,72903.94457,11.95563938
859,31.06390563,46232.21352,15.83754911
860,49.69798926,50317.32111,6.380176348
861,40.97652646,48789.32657,46.5699629
862,29.14184341,52029.542,0
863,43.53386443,57417.55329,41.22605881
864,31.11171147,47086.48337,17.7016199
865,44.99329711,41462.43388,7.234113773
866,32.62923009,62615.63079,8.730241468
867,45.54666579,57260.0694,6.230689432
868,39.36081955,53456.37345,11.91326776
869,67.60491081,61247.84575,15.62466273
870,34.47103995,37197.36442,1.286140131
871,38.82862292,63948.04384,12.04719265
872,30.20575258,53764.677,8.616641141
873,35.02685341,63592.34202,10.56697196
874,7.981648659,65994.73658,12.29497001
875,39.65584017,76967.26917,9.058987806
876,48.42874213,61544.31625,9.482065733
877,38.96630005,76000.78245,8.930624162
878,21.86138542,55171.30288,14.85158101
879,26.98212847,55887.3373,12.0937998
880,10.69807873,58636.07741,11.10291769
881,44.78924007,71611.87351,3.645241395
882,24.93486707,69464.38616,8.107101284
883,34.7129141,62026.0782,14.4933458
884,33.46262428,41583.96988,10.18848287
885,49.87727036,69195.88764,13.29765735
886,35.85281318,47078.93048,18.832559
887,43.0889292,46261.53909,15.19303035
888,40.46463764,42922.72365,10.46579169
889,48.5941142,58752.46934,7.445054149
890,32.60876305,78175.86448,0
891,53.69615331,45519.59183,9.158075388
892,15.14337844,85178.6393,8.369937521
893,43.57473498,73647.15334,11.95183097
894,26.33380391,,9.230473865
895,30.07250447,54258.37227,8.398074703
896,40.69414267,44396.246,1.103005347
897,40.6140205,69974.33187,5.300160854
898,41.06428014,45177.54978,12.3832552
899,21.13842056,35683.20784,18.57953816
900,,55114.11335,9.512373081
901,25.99352882,77540.91111,11.63905537
902,27.3271291,57112.25664,14.76239078
903,41.37896738,65976.65795,
904,32.13278825,66558.46646,11.83407022
905,38.08260841,37315.86611,6.297549468
906,13.43399303,46509.38809,14.32412219
907,37.8432445,60096.96281,10.75701524
908,37.1783188,51639.67525,11.49225907
909,29.90141462,85566.81826,6.087007013
910,14.2592404,41575.16407,56.02335517
911,32.87191739,,20.42356461
912,34.6262614,64358.16389,4.960441523
913,31.3277101,50581.59993,8.301204962
914,16.63825536,16622.51102,11.15803737
915,50.94734007,89020.21844,13.93203106
916,28.61138472,43885.41921,7.202268574
917,32.77795337,,0
918,10.90525679,41199.13243,16.79594747
919,50.94855349,47054.47639,13.8025306
920,30.33450068,35656.00496,1.285262348
921,35.98462817,48882.099,6.962156041
922,46.20737445,50335.77274,17.84091215
923,28.23695795,58011.51484,17.23898209
924,44.63244987,54411.46736,14.69320011
925,14.38674544,38377.2026,9.11943783
926,40.50986658,52141.50257,10.41493709
927,50.72242167,81705.16,9.345370974
928,29.19583153,,15.64119892
929,46.1888162,66835.30543,5.620787968
930,53.33922652,69946.4887,5.971001726
931,32.45158162,90912.34202,15.05137293
932,31.62471714,68568.71489,9.778192722
933,26.01706254,,16.89233678
934,29.90269845,36531.25461,6.642438965
935,26.8464011,43310.54158,9.726108198
936,26.00888902,59509.64524,5.387935076
937,46.98835297,47888.36662,10.03681341
938,27.10073975,45030.67069,2.607265315
939,37.58521915,46763.11428,7.561832895
940,35.38233435,38646.44037,2.818730675
941,49.98094563,48129.23271,13.46961617
942,29.96843768,65091.53332,13.5829467
943,38.81148047,86944.8589,1.348686348
944,42.91069702,71954.73274,16.66942873
945,49.89749607,69542.33228,22.48707563
946,29.82246655,,10.23003193
947,28.82107531,61789.45058,6.794428699
948,24.38218946,58995.60145,24.12165296
949,57.36299621,64361.11645,3.405157508
950,48.84472438,54589.68796,10.10053233
951,34.57798606,84931.15112,10.89811136
952,54.31439151,60791.63274,16.7257381
953,33.98136606,62253.35032,11.79869488
954,42.24410471,30563.39663,7.506830521
955,35.10171902,58399.86477,5.244078148
956,38.97805452,77238.89025,8.290890899
957,37.91761443,68333.63412,4.965363195
958,30.75014627,27666.1359,10.2391266
959,45.92498538,53254.8739,7.179019101
960,42.15952418,85978.49201,2.529811034
961,45.27694594,57740.3892,
962,38.20227185,64836.23974,7.511637383
963,25.93430118,84285.13931,
964,52.09386067,57680.78788,9.158704328
965,32.37443766,71865.4479,10.34185783
966,38.64067029,66170.93816,1.267666372
967,41.35381359,69377.23295,11.65823834
968,38.57421716,65688.23485,4.764212157
969,44.15417021,51785.55182,18.55514405
970,45.73377922,53283.03673,12.61980256
971,32.75166497,47181.35729,8.000500049
972,51.25467342,35404.36322,6.274161148
973,32.33096446,78667.94866,9.475161462
974,38.36749049,60151.2445,13.06395371
975,31.12321816,77912.40274,9.872529357
976,28.26526477,83480.59012,8.914205964
977,45.44191089,60801.26221,10.29185145
978,66.21896897,40297.66302,6.980705344
979,31.38240112,57057.17781,8.283970366
980,47.15321575,49932.8459,0
981,31.74088687,30297.74311,14.86863115
982,34.89515023,52474.06643,11.4939889
983,52.57583772,58926.94182,6.13272078
984,24.26464715,50350.13406,19.49367491
985,21.61840931,48426.8237,10.4350824
986,34.12801351,40836.96267,4.81928214
987,41.63656028,62938.83223,14.28368711
988,39.63666572,88039.03925,11.99024108
989,38.60679176,79179.35832,11.97289993
990,,69804.40332,7.871221977
991,42.86540027,70131.13678,12.25247862
992,5.86327558,58010.35284,8.691208549
993,27.49194695,32932.30231,12.77970726
994,34.06387591,54458.52466,0.47527773
995,42.04534799,45460.83469,7.830632685
996,49.8976514,62320.45124,18.61077549
997,26.14900292,78498.22056,6.164662723
998,49.57078626,89601.14385,6.980808513
999,30.47438331,60969.31547,7.760193308
1000,33.70090217,34992.65494,3.925969321
